{
  "Component-preload.js": 1666094031132,
  "controller/Main.controller.js": 1666018220030,
  "utils/locate-reuse-libs.js": 1665998657282,
  "model/models.js": 1666009845793,
  "manifest.json": 1666094030805,
  "controller/App.controller.js": 1666092403790,
  "Component.js": 1666009887689,
  "manifest-bundle.zip": 1666094030828,
  "i18n/i18n.properties": 1666000282141,
  "model/models-dbg.js": 1666009845793,
  "utils/locate-reuse-libs-dbg.js": 1665998657282,
  "controller/Main-dbg.controller.js": 1666018220030,
  "controller/App-dbg.controller.js": 1666092403790,
  "Component-dbg.js": 1666009887689,
  "view/Main.view.xml": 1666018548090,
  "view/App.view.xml": 1665998657317,
  "css/style.css": 1665998657311,
  "index.html": 1666000481330
}