{
  "controller/BaseController-dbg.js": 1665757040263,
  "Component.js": 1665757040243,
  "utils/locate-reuse-libs.js": 1665757040256,
  "model/models.js": 1665757040260,
  "model/formatter.js": 1665757040278,
  "controller/Worklist.controller.js": 1665757040276,
  "controller/Object.controller.js": 1665757040274,
  "controller/NotFound.controller.js": 1665757040271,
  "controller/ErrorHandler.js": 1665757040269,
  "controller/BaseController.js": 1665757040263,
  "controller/App.controller.js": 1665757040263,
  "manifest.json": 1665996555145,
  "manifest-bundle.zip": 1665996555208,
  "Component-preload.js": 1665996556393,
  "i18n/i18n.properties": 1665757040253,
  "model/models-dbg.js": 1665757040260,
  "model/formatter-dbg.js": 1665757040278,
  "controller/Worklist-dbg.controller.js": 1665757040276,
  "controller/Object-dbg.controller.js": 1665757040274,
  "controller/NotFound-dbg.controller.js": 1665757040271,
  "controller/ErrorHandler-dbg.js": 1665757040269,
  "utils/locate-reuse-libs-dbg.js": 1665757040256,
  "controller/App-dbg.controller.js": 1665757040263,
  "Component-dbg.js": 1665757040243,
  "view/Worklist.view.xml": 1665757040291,
  "view/ObjectNotFound.view.xml": 1665757040288,
  "view/Object.view.xml": 1665757040285,
  "view/NotFound.view.xml": 1665757040283,
  "view/App.view.xml": 1665757040281,
  "index.html": 1665757040243
}